{"boundaryID": "TJK-ADM1-86453995", "boundaryISO": "TJK", "boundaryYear": "2017", "boundaryType": "ADM1", "boundarySource": "OpenStreetMap, Wambacher", "boundaryCanonical": "", "boundaryLicense": "Open Data Commons Open Database License 1.0", "licenseDetail": "Open Data Commons Open Database License 1.0", "licenseSource": "https//www.openstreetmap.org/copyright", "boundarySourceURL": "https//wambachers-osm.website/boundaries/", "sourceDataUpdateDate": "Thu Jan 19 07:31:04 2023", "buildDate": "Dec 12, 2023", "admUnitCount": "5", "meanVertices": "2828.0", "minVertices": "45", "maxVertices": "7158", "meanPerimeterLengthKM": "1418.9534900544118", "maxPerimeterLengthKM": "2211.6213643150363", "minPerimeterLengthKM": "101.05622251000824", "meanAreaSqKM": "28258.077206854457", "minAreaSqKM": "366.1052507825161", "maxAreaSqKM": "62764.90069928326"}