{"boundaryID": "TJK-ADM0-77803701", "boundaryISO": "TJK", "boundaryYear": "2017", "boundaryType": "ADM0", "boundarySource": "OpenStreetMap, Wambacher", "boundaryCanonical": "", "boundaryLicense": "Open Data Commons Open Database License 1.0", "licenseDetail": "Open Data Commons Open Database License 1.0", "licenseSource": "https//www.openstreetmap.org/copyright", "boundarySourceURL": "https//wambachers-osm.website/boundaries/", "sourceDataUpdateDate": "Thu Jan 19 07:31:04 2023", "buildDate": "Dec 12, 2023", "admUnitCount": "1", "meanVertices": "13046.0", "minVertices": "13046", "maxVertices": "13046", "meanPerimeterLengthKM": "4749.997460991635", "maxPerimeterLengthKM": "4749.997460991635", "minPerimeterLengthKM": "4749.997460991635", "meanAreaSqKM": "141290.3860342718", "minAreaSqKM": "141290.3860342718", "maxAreaSqKM": "141290.3860342718"}