{"boundaryID": "TJK-ADM2-16282066", "boundaryISO": "TJK", "boundaryYear": "2017", "boundaryType": "ADM2", "boundarySource": "OpenStreetMap, Wambacher", "boundaryCanonical": "", "boundaryLicense": "Open Data Commons Open Database License 1.0", "licenseDetail": "Open Data Commons Open Database License 1.0", "licenseSource": "https//www.openstreetmap.org/copyright", "boundarySourceURL": "https//wambachers-osm.website/boundaries/", "sourceDataUpdateDate": "Thu Jan 19 07:31:04 2023", "buildDate": "Dec 12, 2023", "admUnitCount": "58", "meanVertices": "354.0", "minVertices": "75", "maxVertices": "4985", "meanPerimeterLengthKM": "288.00812119655706", "maxPerimeterLengthKM": "1406.9075099803151", "minPerimeterLengthKM": "97.25353895218392", "meanAreaSqKM": "2435.368307216187", "minAreaSqKM": "273.9973005760491", "maxAreaSqKM": "37035.431330995336"}